id,prediction
1,0.0980422619445629
2,0.894955305910063
3,0.0171584896497514
4,0.952064218146232
5,0.587492764531965
6,0.427904569223104
7,0.596549446744438
8,0.576616358752435
9,0.172450978235985
10,0.595457932115473
11,0.677530969321608
12,0.605393567810595
13,0.972305396917319
14,0.989076515247392
15,0.434096267668477
16,0.0479548471238224
17,0.100537647499456
18,0.319790829958534
19,0.172007323559666
20,0.0481841669395536
21,0.11458836829554
22,0.243928376261272
23,0.79908513089106
24,0.170950116583575
25,0.00965307906599194
26,0.0178488408771004
27,0.0364870697201773
28,0.866274052513287
29,0.0258740382903907
30,0.0881253776785386
31,0.773741777450108
32,0.96059996120877
33,0.113612004541777
34,0.102974848329909
35,0.122999223039482
36,0.809453455262396
37,0.0538813051781945
38,0.389464032927969
39,0.99201248677692
40,0.146997565350022
41,0.0592200662561888
42,0.029478593860293
43,0.181704628405961
44,0.275401259506252
45,4.04979806815533e-06
46,0.660095105487956
47,0.945376214739736
48,0.898621755618107
49,0.400532791999381
50,0.0232314068560825
51,0.679815405320513
52,0.0401854808128016
53,0.664420258859917
54,0.767350182575538
55,0.162953395298922
56,0.0745838816579045
57,0.661757137028083
58,0.0488732059344879
59,0.425320145945606
60,0.0379263728698441
61,0.0501371582197286
62,0.02685026652495
63,0.0467219739455038
64,0.822751832305952
65,0.0747413870028528
66,0.27634692357131
67,0.705311490190276
68,0.923664092334775
69,0.363732318195562
70,0.412764960835647
71,0.427346869507159
72,0.733599036238464
73,0.678787311462159
74,0.485454461217103
75,0.786135040174678
76,0.528601013918873
77,0.733053211414115
78,0.409529352764634
79,0.370457469052678
80,0.938222354384514
81,0.0335392588238027
82,0.777736558871763
83,0.0321517155412543
84,0.928826807136323
85,0.240733068033046
86,0.28827159026876
87,0.63906733926404
88,0.563456324508502
89,0.920406321590845
90,0.93427892648129
91,0.0296514210002422
92,0.203640571532553
93,0.0130997028171147
94,0.0595415867408683
95,0.217216087870804
96,0.977949992914918
97,0.117637847934339
98,0.849098229526534
99,0.0228772529114243
100,0.876174220051993
101,0.215820159804498
102,0.0453218487356504
103,0.988969867800351
104,0.164919834793004
105,0.125824411786541
106,0.493157267290056
107,0.153011817218124
108,0.211628760985353
109,0.110792626820052
110,0.403076576965639
111,0.628995407943583
112,0.592340237046466
113,0.353133992147075
114,0.808946139912433
115,0.819412371150267
116,0.647487025277533
117,0.984970395700199
118,0.285132111425862
119,0.695250172731835
120,0.115017898583632
121,0.017931987364625
122,0.165713680892574
123,0.759000535614229
124,0.193325996472439
125,0.32896882100732
126,0.953415424519895
127,0.114175550905055
128,0.281329311235009
129,0.122700440691157
130,0.450467433752061
131,0.883722422687725
132,0.40936342801008
133,0.658605979784025
134,0.581281821313654
135,0.392514145186845
136,0.910703646523544
137,0.00511793362874665
138,0.980084542926487
139,0.179460171939954
140,0.0341638183875504
141,0.073999282821442
142,0.0485562504654851
143,0.101518840854215
144,0.994787256200976
145,0.0609505895276507
146,0.900259518033467
147,0.0234577127171596
148,0.0662909852183221
149,0.150237711165805
150,0.0865651118717993
151,0.0197854576430059
152,0.545281235694414
153,0.992527349853066
154,0.0210157295071196
155,0.286084475922499
156,0.045585731876161
157,0.955768314909395
158,0.564096717910013
159,0.181337461246791
160,0.939381582966355
161,0.919492311960267
162,0.553741927345488
163,0.801090153037597
164,0.738811787548023
165,0.974076019945233
166,0.034524149414884
167,0.0295774728389035
168,0.580374867110659
169,0.467360003523307
170,0.483481855850161
171,0.926924508625455
172,0.0348294943294409
173,0.0275001931638024
174,0.728586489804763
175,0.044259966964789
176,0.0503198487191615
177,0.130781174253246
178,0.628993730535538
179,0.881701026282834
180,0.232673269611298
181,0.0258293568314544
182,0.0345097098547455
183,0.076769960286857
184,0.0152067275607015
185,0.639559218531645
186,0.223800924267078
187,0.943295538753615
188,0.284273760030821
189,0.999262210725869
190,0.996241232907165
191,0.00547759058220231
192,0.936721173089925
193,0.439253434485616
194,0.859091009812855
195,0.454775049995251
196,0.907245769562945
197,0.0542031264055525
198,0.417972296789987
199,0.264637313722515
200,0.0169712245961701
201,0.941320947797508
202,0.998966320463206
203,0.918926332433006
204,0.940578373616109
205,0.975669909527224
206,0.219755933060005
207,0.752644295732578
208,0.967846548841359
209,0.316060263165511
210,0.056744803902538
211,0.366241729487616
212,0.0227906734353569
213,0.846583416327426
214,0.980542535842136
215,0.955861573936596
216,0.317068054600984
217,0.633977246147293
218,0.0162241561714553
219,0.405993665855301
220,0.127077759128943
221,0.99455545725428
222,0.510831788472744
223,0.605987391679851
224,0.0401741639594951
225,0.0216983847506203
226,0.811622945413764
227,0.514386779693015
228,0.142575988610243
229,0.320684130122949
230,0.98739316205152
231,0.918101194606218
232,0.100623646581676
233,0.9232062501718
234,0.412203919740269
235,0.5950103347828
236,0.99285004502172
237,0.933854903403008
238,0.991737436219706
239,0.312256830221986
240,0.940558694485734
241,0.712482028439228
242,0.515786792006332
243,0.0467927576246628
244,0.977110334670411
245,0.918754210312557
246,0.86149837745521
247,0.731275559095339
248,0.103166562783711
249,0.0191846518310685
250,0.79916072084091
251,0.874346008604562
252,0.8786026062607
253,0.945190011375814
254,0.887058240601398
255,0.268215798779818
256,0.891494646888316
257,0.0443436484028815
258,0.903124926618569
259,0.80200307374536
260,0.917914410629031
261,0.122423768404281
262,0.524319142656981
263,0.0504439337050554
264,0.207267351405717
265,0.97011191553509
266,0.271531503134058
267,0.585286458837326
268,0.961221175456343
269,0.61054446935301
270,0.236377687050583
271,0.598262221730124
272,0.52677651420353
273,0.0681844170843836
274,0.771733194242497
275,0.900723423926256
276,0.0362543209435071
277,0.396624580351084
278,0.54748873346257
279,0.143554477827859
280,0.0181422134662417
281,0.132385471521757
282,0.0527817819474165
283,0.0423308160909792
284,0.0230557346967767
285,0.838560834147425
286,0.529629528296354
287,0.442808579337462
288,0.986360675614
289,0.258889298295244
290,0.223354568072465
291,0.709395701759147
292,0.0486049630650005
293,0.568681373977125
294,0.283546267692085
295,0.0664246677354841
296,0.856359018980563
297,0.0928075439480836
298,0.943151177069521
299,0.695009057220927
300,0.795514087538925
301,0.211944127286121
302,0.997612907563954
303,0.898179650830995
304,0.0849667795106971
305,0.985759575188146
306,0.780847097090869
307,0.993124935516339
308,0.0873851751983322
309,0.0715800790423651
310,0.877356338452819
311,0.114378084269386
312,0.714397199095671
313,0.045182131133856
314,0.906604374097775
315,0.783318722910249
316,0.414967718889836
317,0.856014364651312
318,0.326035411674021
319,0.156674230514454
320,0.549122727590061
321,0.934643974561224
322,0.0949439790207053
323,0.0210628520621892
324,0.0553978540698952
325,0.97093126058499
326,0.530478192364503
327,0.0064901608114322
328,0.606201725105099
329,0.956998898858084
330,0.978096881856152
331,0.330663930011589
332,0.599354848306263
333,0.0642683639858432
334,0.888714621711
335,0.327945605046063
336,0.0327818282516992
337,0.892669134523937
338,0.939393162226244
339,0.740044141659452
340,0.263179345821376
341,0.534563441625244
342,0.156615398230944
343,0.171497105829894
344,0.100575450946727
345,0.421738821261326
346,0.103660461210377
347,0.0118730986952783
348,0.225709535684471
349,0.559277101891336
350,0.0671885593631048
351,0.056844169532807
352,0.976215304254556
353,0.196635041318745
354,0.420672763802996
355,0.124309500034497
356,0.0421211455388046
357,0.896753044431154
358,0.888053205563244
359,0.357197994633053
360,0.163453856814123
361,0.0278372355596091
362,0.156758604665588
363,0.666369732740477
364,0.0547888232949091
365,0.0616431446894673
366,0.00601920345701797
367,0.0223026705392137
368,0.478765383976271
369,0.630385424814198
370,0.91132939309849
371,0.522280364854093
372,0.832914929477029
373,0.0645122954303924
374,0.0522199714796022
375,0.0467855561235517
376,0.422839785511509
377,0.919021763429501
378,0.18698289976764
379,0.0803480423690131
380,0.0212476408582767
381,0.0810709248878043
382,0.437837754600266
383,0.140053342474697
384,0.00999030880473234
385,0.124365104218059
386,0.47254692011068
387,0.313341847513677
388,0.854510231830743
389,0.858085991529463
390,0.858993000995641
391,0.541060751511747
392,0.284699679386959
393,0.216211067066216
394,0.163654710177526
395,0.0105971378558575
396,0.478355660886535
397,0.523342213736585
398,0.659029168148022
399,0.639117333651824
400,0.684984603121379
401,0.202336255017958
402,0.409606670949039
403,0.705870696811049
404,0.927210624328048
405,0.399338022209618
406,0.289578540804375
407,0.0332415802351949
408,0.412350682103382
409,0.494303400150064
410,0.0636569210623749
411,0.0243863541800353
412,0.571553347227664
413,0.198435616942372
414,0.017387939726413
415,0.307678452130236
416,0.88624444464515
417,0.289546280915232
418,0.696475474337883
419,0.0114869988827618
420,0.358675530993935
421,0.643591532290076
422,0.379719254765986
423,0.074471307931252
424,0.620905430697582
425,0.147478733343001
426,0.15562617501226
427,0.786495407086526
428,0.546371583103119
429,0.96288961663969
430,0.817611362337004
431,0.302045136844854
432,0.769631875972246
433,0.00823556510622827
434,0.402664613709164
435,0.0301002450925123
436,0.696667311913848
437,0.984418068095908
438,0.0586017119101591
439,0.250763460959522
440,0.140581749406476
441,0.0522942868933077
442,0.0642521115666835
443,0.493636231993336
444,0.114973693236312
445,0.100577281304384
446,0.230975325615815
447,0.346201150142428
448,0.4507282764238
449,0.93621793636772
450,0.0895186532761989
451,0.971347497231727
452,0.902749349982011
453,0.400286754837333
454,0.0331755443863258
455,0.123135418554276
456,0.403453516315004
457,0.536251492493592
458,0.750302020644499
459,0.938689839045391
460,0.983884039541924
461,0.991736228783405
462,0.083708963729982
463,0.878724171471706
464,0.985083988643087
465,0.0665971403043816
466,0.10983493468258
467,0.0998523043856642
468,0.00418252610754775
469,0.0393064461790127
470,0.780109275115961
471,0.926909992671892
472,0.430455942865267
473,0.0452372886025062
474,0.995305381506319
475,0.12747020436647
476,0.20279519263653
477,0.94350343537309
478,0.193228810676866
479,0.956723595440098
480,0.966487656924242
481,0.953918002224115
482,0.992737905728251
483,0.107627751550435
484,0.452767754863488
485,0.906785864356745
486,0.294453698281472
487,0.0474572661264677
488,0.0615768859817604
489,0.28310557983868
490,0.24496490034095
491,0.162259811824856
492,0.836779679047883
493,0.255765303053037
494,0.0514223836257397
495,0.0822273970754941
496,0.942259471708918
497,0.017821279635872
498,0.109670756808094
499,0.0224120097296718
500,0.585725825642984
501,0.122298560471438
502,0.116955785993549
503,0.242758338165885
504,0.285189046817307
505,0.172311181051062
506,0.0202191661623206
507,0.935708977462343
508,0.193585039649348
509,0.0284156506667909
510,0.486921486313094
511,0.604086273063094
512,0.0248918516935749
513,0.334906132215938
514,0.261852199698975
515,0.809546988047071
516,0.938286063477119
517,0.612861309943157
518,0.0722823510067294
519,0.287249018631654
520,0.100000467636996
521,0.240738468983368
522,0.707467992980763
523,0.206522726808595
524,0.655730735557745
525,0.954117121858342
526,0.930932608382242
527,0.183924257003119
528,0.763250229597822
529,0.160596993198566
530,0.785252706470364
531,0.0411111055957747
532,0.0304528937255184
533,0.0117660831100867
534,0.967396209150597
535,0.0355425039984381
536,0.787866875532124
537,0.802126126100787
538,0.932630856899819
539,0.235599874946463
540,0.983250898494117
541,0.84392604806636
542,0.958124269724566
543,0.760489823748327
544,0.757740278803362
545,0.125818125877153
546,0.894589832824151
547,0.996746508006236
548,0.815625308250969
549,0.843273284328241
550,0.703635048862462
551,0.485738999434014
552,0.0735089129770734
553,0.8931937866448
554,0.344798021892961
555,0.605996818584655
556,0.302422659805467
557,0.0153928375010221
558,0.779614306873292
559,0.994619632813318
560,0.247946464583918
561,0.706840595097896
562,0.306095072109902
563,0.926257069126894
564,0.964529140692009
565,0.229373659996892
566,0.577382090368702
567,0.105159725210442
568,0.110321853316619
569,0.940526269248105
570,0.0399132117124442
571,0.117736484565201
572,0.0753860343683963
573,0.0465299454252884
574,0.527644855152103
575,0.734602980872039
576,0.325227271660287
577,0.850019300418057
578,0.0809545122409874
579,0.0470180790860263
580,0.0693979043847109
581,0.81574980652984
582,0.250018455858645
583,0.150773900374454
584,0.523962541183392
585,0.244735651242902
586,0.141600934941695
587,0.121182561656073
588,0.0498030910633147
589,0.804591494327534
590,0.976566199583092
591,0.59004149807087
592,0.0108053352711049
593,0.450016749148071
594,0.215434718876575
595,0.741072329774295
596,0.985981204669943
597,0.576546738556283
598,0.0481173279266918
599,0.026642491904507
600,0.202825944211169
601,0.969812515322397
602,0.749851330535387
603,0.939440806731227
604,0.910305627111437
605,0.704508991293636
606,0.992972905949826
607,0.209673952780479
608,0.981162856818196
609,0.163516207708942
610,0.998295679637203
611,0.329500402615378
612,0.769297982716389
613,0.975349341202299
614,0.989362937738848
615,0.388682319021636
616,0.129733611153984
617,0.333046803364842
618,0.0385098242161953
619,0.737057483327428
620,0.555716220175174
621,0.224957032338762
622,0.0244174735042588
623,0.170311403336258
624,0.240871351586686
625,0.864796560142966
626,0.43675034721209
627,0.997250613044486
628,0.0533696682957305
629,0.988166539735531
630,0.0269356438581004
631,0.00536548035000773
632,0.958643953881472
633,0.188320242740519
634,0.0463259471189749
635,0.40947767127603
636,0.174864649470004
637,0.64452414983681
638,0.665480342648138
639,0.234904054979824
640,0.699147072354216
641,0.143108848194306
642,0.772887482775374
643,0.0156456523973053
644,0.977709076172711
645,0.0511691344888044
646,0.891435853742151
647,0.991398164380879
648,0.0085776113028161
649,0.687638334345892
650,0.148698406091588
651,0.864622558063755
652,0.488056445082604
653,0.492867814951245
654,0.0219048603189613
655,0.983786151563708
656,0.893893730050332
657,0.0755282789202917
658,0.102400911314227
659,6.53892600898468e-06
660,0.0544934427040656
661,0.444842275032771
662,0.942152253014566
663,0.751452305295393
664,0.0278572732000436
665,0.209499931220099
666,0.376120882943561
667,0.544643150938288
668,0.38828639260175
669,0.52672189619816
670,0.0190096336948542
671,0.119713910826569
672,0.0910894225280835
673,0.135672386301366
674,0.602487730975994
675,0.905807801511894
676,0.226314027680489
677,0.536547810029994
678,0.125422369875764
679,0.527582888112597
680,0.40905870574828
681,0.0171012590213321
682,0.992999187644259
683,0.104348668128479
684,0.858633722030013
685,0.982132570894016
686,0.406227446449836
687,0.620407034683601
688,0.823426662803263
689,0.980433634179234
690,0.221734331760343
691,0.524118414588447
692,0.031041344567934
693,0.0171552398515794
694,0.801849139840586
695,0.132004336956722
696,0.0115245233482984
697,0.0794189368968843
698,0.954370327871314
699,0.935988511861799
700,0.561037343335276
701,0.33827378626627
702,0.135304696667613
703,0.0964193909549014
704,0.384177293347433
705,0.0337364116842397
706,0.186392204131923
707,0.99614555152974
708,0.0831876214733307
709,0.0140114348357271
710,0.698411275022255
711,0.370743504512037
712,0.0518621559512781
713,0.956141676759193
714,0.779702436538146
715,0.0220166110458383
716,0.0149896928605925
717,0.137242019579372
718,0.993999841876574
719,0.996952668159782
720,0.337081740353744
721,0.125959761950087
722,0.0155920389894231
723,0.834902228522831
724,0.813166252722718
725,0.0078433256602829
726,0.299952777273813
727,0.345457729324221
728,0.860616348190808
729,0.586305184611191
730,0.887428123992483
731,0.56156333431598
732,0.94713641838079
733,0.54453690162746
734,0.148064125181033
735,0.643159151879036
736,0.685547985040731
737,0.68944985312071
738,0.448094628374699
739,0.319452276056254
740,0.018418923304656
741,0.0776632204046773
742,0.841397204995163
743,0.249932117084976
744,0.6541687625725
745,0.877208093881019
746,0.139422725313421
747,0.0955107990565964
748,0.0487151528125257
749,0.995215562088383
750,0.0335899577749809
751,0.806095806021366
752,0.183847173016303
753,0.810569280227267
754,0.419919563434574
755,0.406295722150549
756,0.792736617601812
757,0.0969476791544923
758,0.481572502893589
759,0.987369401356494
760,0.80675172068886
761,0.795055027679854
762,0.417678401417637
763,0.541857358098409
764,0.989264695547649
765,0.0442920988798675
766,0.708161874580602
767,0.672400098041526
768,0.0671049607643411
769,0.556233981401049
770,0.256237718946232
771,0.0451533875697529
772,0.103999202702075
773,0.814322115002319
774,0.349473284980285
775,0.354970731031067
776,0.898756698705401
777,0.217944883852902
778,0.992532315480528
779,0.592354256754584
780,0.704795662955211
781,0.947346819836737
782,0.348638189379004
783,0.185415580846439
784,0.909540524131871
785,0.0442087336603802
786,0.813241140712824
787,0.385778027850877
788,0.137637400526885
789,0.245703665670352
790,0.966894815208482
791,0.935890444154201
792,0.410522650471547
793,0.0234448394733195
794,0.517000576750506
795,0.92690255658799
796,0.0158441736984105
797,0.132880466145974
798,0.014186564528467
799,0.984806645048933
800,0.440849406820085
801,0.134959384300916
802,0.114109861381491
803,0.202641717313928
804,0.935267154318005
805,0.0206898645163514
806,0.995641807535503
807,0.288223548818712
808,0.934999084714602
809,0.940957956260938
810,0.528131840661467
811,0.616163285237885
812,0.867032812500387
813,0.904418556803034
814,0.0421277459541349
815,0.556127063181132
816,0.166044001143309
817,0.553942323921068
818,0.185768265003704
819,0.625332935451398
820,0.487821206832025
821,0.876180217126
822,0.245801135737044
823,0.785689973400928
824,0.947531063358994
825,0.886741306123945
826,0.62908756538364
827,0.120363002627601
828,0.86178852298513
829,0.479726767410045
830,0.30556448746196
831,0.214475402649551
832,0.024402264138742
833,0.436420267601541
834,0.0378831265000228
835,0.420189108185873
836,0.0281889717040999
837,0.150354906891074
838,0.551984452357876
839,0.553090368501923
840,0.81809253687358
841,0.870517185857389
842,0.278979276877767
843,0.580004857378519
844,0.28732686364582
845,0.32700609014055
846,0.0982578130479957
847,0.0597440697478534
848,0.0814060777375086
849,0.989436095520991
850,0.0843766245388036
851,0.815782290459759
852,0.690813697646018
853,0.392341014481387
854,0.392162434531437
855,0.0135101154088456
856,0.799569483985359
857,0.00331796549481821
858,0.26324939800522
859,0.906302386410507
860,0.855309134566552
861,0.799101863648794
862,0.0918378443382403
863,0.788006478057601
864,0.955390702543746
865,0.410885409870523
866,0.0205342639882262
867,0.266718880583865
868,0.14786436520814
869,0.422772620075967
870,0.170165883916944
871,0.946518120419883
872,0.108571600950108
873,0.689716876033712
874,0.682765486541697
875,0.833068937266523
876,0.5
877,0.630499512112347
878,0.459420471981757
879,0.505888246162958
880,0.975422778352539
881,0.00536586851984817
882,0.5
883,0.662069050624556
884,0.120144332080113
885,0.0702135796095497
886,0.969799437206895
887,0.382602513873746
888,0.951943795930435
889,0.998245979526917
890,0.640509478448712
891,0.611606469416241
892,0.5924203129062
893,0.998066752031571
894,0.0459323192493929
895,0.228051610178157
896,0.0324616542266065
897,0.0841915461639664
898,0.90196274299421
899,0.933404822110633
900,0.759856069829762
901,0.0881904113081649
902,0.148245334300525
903,0.852575173793846
904,0.990886924648244
905,0.996681070996692
906,0.0985492959645682
907,0.712745270738469
908,0.841593378947145
909,0.0292132305661447
910,0.396102713139113
911,0.0683063856450175
912,0.908654595897676
913,0.161655601161996
914,0.211654181229037
915,0.737705055422002
916,0.152063322940618
917,0.403869943185081
918,0.393392332689284
919,0.818355704311544
920,0.0298803030517127
921,0.0225162742748951
922,0.649472374358827
923,0.0619347166704625
924,0.422823844969226
925,0.00275352364506513
926,0.260285056990896
927,0.80144150422642
928,0.975893067253756
929,0.757938052997204
930,0.141067218969551
931,0.0600008791564483
932,0.960990850455578
933,0.994836876888604
934,0.0244508476563535
935,0.129090004050136
936,0.972459422348826
937,0.722848604965517
938,0.571325896401583
939,0.172831321940256
940,0.622780246354409
941,0.0346587133071573
942,0.620413669351557
943,0.0503127850751228
944,0.147033649016178
945,0.282786750862693
946,0.807356679987699
947,0.348088974360375
948,0.987369262227346
949,0.948380681549033
950,0.826156381865654
951,0.122913217098476
952,0.947905575758391
953,0.014310166126089
954,0.787043033806247
955,0.959144985121296
956,0.141717812904801
957,0.0791238405125294
958,0.971698018369853
959,0.759962194041702
960,0.0447877824337188
961,0.34664683501695
962,0.631796824299672
963,0.638448463625921
964,0.895302229744161
965,0.99588538280535
966,0.949539432810254
967,0.1735240665333
968,0.80480557008958
969,0.693476305118527
970,0.15086461529546
971,0.00782352444276012
972,0.734157194127677
973,0.43967964141538
974,0.856320024487918
975,0.197972694634412
976,0.157833046590065
977,0.953882902829919
978,0.967290920690099
979,0.0520225231318543
980,0.377385854961048
981,0.926967931869364
982,0.873634017052028
983,0.666035990317267
984,0.204024574955767
985,0.0551628362838714
986,0.303091294823815
987,0.0900586480159446
988,0.991119307242698
989,0.135996492934303
990,0.66137769851914
991,0.833256494497782
992,0.0716801052580182
993,0.334332577151233
994,0.62588567488751
995,0.685849534951605
996,0.025567156369693
997,0.97893175187012
998,0.940046309098485
999,0.783256755032871
1000,0.993793742983088
1001,0.137196817674623
1002,0.0901350942245241
1003,0.0282827296210913
1004,0.571611387321192
1005,0.974685413667762
1006,0.289715863738686
1007,0.423861404387476
1008,0.5
1009,0.18781849961477
1010,0.785446611066215
1011,0.0651223194033933
1012,0.0248087699421265
1013,0.927154050592104
1014,0.229578905415591
1015,0.838540250762608
1016,0.184284420998969
1017,0.61746005507967
1018,0.608237688241348
1019,0.459861800514657
1020,0.457682035963705
1021,0.693963358028572
1022,0.0911096592558083
1023,0.0188159446179149
1024,0.371022824786129
1025,0.984864352272361
1026,0.166953739369904
1027,0.0359500151352851
1028,0.0838967548712959
1029,0.380217235864879
1030,0.527259738980665
1031,0.867123807590482
1032,0.996090302488532
1033,0.377387282192536
1034,0.100782796445852
1035,0.46804233254885
1036,0.281665537872737
1037,0.409442139655471
1038,0.334213969103387
1039,0.256535033090946
1040,0.832380009653757
1041,0.45548115632751
1042,0.98844325530049
1043,0.0309818603933031
1044,0.0492002401070386
1045,0.0566348246166932
1046,0.416650790323152
1047,0.100481455604045
1048,0.377623297887803
1049,0.583996840426513
1050,0.933770749628939
1051,0.814589412022482
1052,0.028677368150615
1053,0.131335798218888
1054,0.0791011843418025
1055,0.987087518932481
1056,0.919698019069431
1057,0.542894141898443
1058,0.0402111620899926
1059,0.0371538266419376
1060,0.02980753904642
1061,0.986006372365433
1062,0.772376323031843
1063,0.984747120324191
1064,0.869892414997278
1065,0.0801243698982573
1066,0.0229958344606411
1067,0.195844864863321
1068,0.255307270340813
1069,0.317054381324966
1070,0.095240659805855
1071,0.237584766801848
1072,0.589365405230535
1073,0.885650891636744
1074,0.145823323312979
1075,0.170538913548749
1076,0.926110676298341
1077,0.70861492078873
1078,0.0348384295676602
1079,0.535907133923983
1080,0.888917525724505
1081,0.936350708595773
1082,0.963670207019922
1083,0.155743357066123
1084,0.00472500574037204
1085,0.225752965360533
1086,0.900508305171729
1087,0.099663991476165
1088,0.822367809096641
1089,0.203609309763347
1090,0.371477599742421
1091,0.0329541197721304
1092,0.718546725458397
1093,0.977450637787702
1094,0.433260688415196
1095,0.259403983006605
1096,0.837159892553636
1097,0.13486670187779
1098,0.889497562126244
1099,0.896526836269417
1100,0.191820924223237
1101,0.067899254878369
1102,0.905830389592944
1103,0.157169295567432
1104,0.744741125100034
1105,0.134947238902579
1106,0.961099583721912
1107,0.176632896725913
1108,0.689625506583463
1109,0.959745652987769
1110,0.981632863497471
1111,0.162574002543392
1112,0.401404027042286
1113,0.897089906409344
1114,0.937550191960426
1115,0.219118308205699
1116,0.0695429415619227
1117,0.850741287855902
1118,0.961785530200033
1119,0.931109287005376
1120,0.924574917889847
1121,0.147736564158437
1122,0.163714070236161
1123,0.887068545346955
1124,0.947659518706524
1125,0.998508877601166
1126,0.905719072893456
1127,0.0259141762406579
1128,0.896332200398072
1129,0.641485576465312
1130,0.483238755712804
1131,0.981950608151004
1132,0.625640155367179
1133,0.362653436615257
1134,0.108044945894039
1135,0.0537531146615718
1136,0.659926222860208
1137,0.0322095067644299
1138,0.6906279867246
1139,0.60033169395186
1140,0.0684944259008587
1141,0.387432175356607
1142,0.904506192626781
1143,0.690101994527622
1144,0.0322452840694376
1145,0.931205599090481
1146,0.0844256714851048
1147,0.926802508937519
1148,0.0300835036020397
1149,0.881989765396854
1150,0.720099121200136
1151,0.0950733809408334
1152,0.0562749280711893
1153,0.830520468696668
1154,0.187965527978673
1155,0.997276902612826
1156,0.97501262284976
1157,0.933887917790295
1158,0.937273492036723
1159,0.0227554264132392
1160,0.0375907864851353
1161,0.699921252572959
1162,0.144371104265391
1163,0.0297043017486359
1164,0.42941620087182
1165,0.149699054646037
1166,0.155646229388245
1167,0.714620794953038
1168,0.104276214287556
1169,0.0708528166929994
1170,0.590373438173706
1171,0.715067093912316
1172,0.782337673233372
1173,0.257727492449993
1174,0.934627153615322
1175,0.203353331349336
1176,0.0799313366405942
1177,0.948575448544631
1178,0.969244233298549
1179,0.998865141696184
1180,0.685754980205692
1181,0.515385475552028
1182,0.00965178303652316
1183,0.460044196770697
1184,0.152764388775176
1185,0.969371798461961
1186,0.216668515708174
1187,0.978028858624358
1188,0.853356166039034
1189,0.0238372338309692
1190,0.870298811627542
1191,0.905677502772581
1192,0.252520004393061
1193,0.493079969387519
1194,0.974705634766921
1195,0.995783112778389
1196,0.953823862951993
1197,0.631578464717057
1198,0.0278658608507369
1199,0.167785457836341
1200,0.0206701121829424
1201,0.345203031137829
1202,0.703332301876229
1203,0.984171673168599
1204,0.0384579082924059
1205,0.437761530104158
1206,0.0373924336391036
1207,0.0207923742660588
1208,0.014852491310817
1209,0.977018733870783
1210,0.352990492507835
1211,0.0912657143915249
1212,0.338150468380942
1213,0.828197131467066
1214,0.938539709630802
1215,0.839342127039988
1216,0.921601519254752
1217,0.755911602527592
1218,0.407854309468602
1219,0.995273188464583
1220,0.980291229929796
1221,0.0654622831197649
1222,0.0710741210251543
1223,0.00513041196712257
1224,0.992040169090694
1225,0.994346280547086
1226,0.0317676876991889
1227,0.0364707041991659
1228,0.0726838759809575
1229,0.852120607041363
1230,0.992380247328311
1231,0.993236616080528
1232,0.833282946312811
1233,0.820723142656094
1234,0.171814688394604
1235,0.222894884199453
1236,0.059856459330595
1237,0.086698830770484
1238,0.966376704501652
1239,0.976274430509764
1240,0.0313664659154918
1241,0.897180935883429
1242,0.0576990941502402
1243,0.790287954330925
1244,0.5
1245,0.108564638543199
1246,0.475940609775232
1247,0.934626840344701
1248,0.199895571962432
1249,0.968117874480381
1250,0.967611602183576
1251,0.0497162557769885
1252,0.297391080310439
1253,0.0420666613059038
1254,0.114848706863508
1255,0.132569366451778
1256,0.0353347681115003
1257,0.295610009731351
1258,0.0138436663985711
1259,0.960958620373754
1260,0.267477731889489
1261,0.614328119602065
1262,0.240887248076719
1263,0.421675436294162
1264,0.390670660204101
1265,0.34865352781677
1266,0.949084504842098
1267,0.324628294291868
1268,0.0857885268105808
1269,0.960459417434481
1270,0.155447679202125
1271,0.0767498230642099
1272,0.692917087391186
1273,0.0183509859282748
1274,0.312601643453761
1275,0.027002588248806
1276,0.838924555531367
1277,0.990134223904718
1278,0.125688660807184
1279,0.833802030905197
1280,0.10017300120296
1281,0.667979171640683
1282,0.18719192168071
1283,0.198543419391396
1284,0.444612870330939
1285,0.044068210222216
1286,0.0407422842622077
1287,0.761206272735091
1288,0.840055014769415
1289,0.039494995277382
1290,0.310239155874073
1291,0.85748464657624
1292,0.957003431259497
1293,0.95252592093868
1294,0.0684514593176962
1295,0.959741083002334
1296,0.912216915183821
1297,0.371952985633765
1298,0.094435051424936
1299,0.262331498373461
1300,0.984835638001162
1301,0.94060305219432
1302,0.162236786141586
1303,0.907683979109267
1304,0.260919393376724
1305,0.143683498557724
1306,0.639484423431603
1307,0.312795126049225
1308,0.995583130903038
1309,0.637733847711237
1310,0.0765385068093591
1311,0.18897847507674
1312,0.128929837838382
1313,0.0578058807604883
1314,0.0208749272180409
1315,0.896140009429444
1316,0.822672262323497
1317,0.838428539196249
1318,0.941780765014602
1319,0.0777723571958694
1320,0.328439675922307
1321,0.954997742216968
1322,0.795237782759927
1323,0.28505597111169
1324,0.163805462596009
1325,0.812373673431948
1326,0.450272465640846
1327,0.25218607280543
1328,0.219823352079499
1329,0.506089256201605
1330,0.237164876871047
1331,0.955953454400162
1332,0.865406664255986
1333,0.0817456865748288
1334,0.0600984740788041
1335,0.0897365885648438
1336,0.357509921901457
1337,0.851924624781634
1338,0.212799566615827
1339,0.302120197012968
1340,0.0465520290886359
1341,0.0427613467543325
1342,0.151405389531314
1343,0.015243651243159
1344,0.869531889609656
1345,0.0594381152709739
1346,0.818359832500611
1347,0.00793901107439562
1348,0.910685406188539
1349,0.113419978873515
1350,0.0869150541854343
1351,0.359733439814847
1352,0.0331710522101597
1353,0.0634599185009271
1354,0.131375442451984
1355,0.0344725676286986
1356,0.0819900553606302
1357,0.965150091432127
1358,0.462930923702945
1359,0.0717695832468804
1360,0.193622065551437
1361,0.946698912289076
1362,0.820607166236272
1363,0.791866797610104
1364,0.0344035149664215
1365,0.987206247480328
1366,0.232977642739124
1367,0.786677856931388
1368,0.0268370475832616
1369,0.0288283513266663
1370,0.138211940873384
1371,0.549577662677255
1372,0.994885659083195
1373,0.761431823609642
1374,0.0641813113935542
1375,0.0727153476500498
1376,0.0834238402822044
1377,0.0322828139777678
1378,0.418374784165943
1379,0.280463517951464
1380,0.238300907103415
1381,0.807737567155471
1382,0.689575344931502
1383,0.455412503197437
1384,0.0363970419206813
1385,0.787649258674819
1386,0.344464449225609
1387,0.10282483806172
1388,0.0163493769131538
1389,0.322037091197656
1390,0.0123842134433777
1391,0.574902589420221
1392,0.137556666520784
1393,0.917446516452995
1394,0.944197775658348
1395,0.0185878931064189
1396,0.454749267038101
1397,0.718394606589669
1398,0.744062766771369
1399,0.911496946447818
1400,0.303412360061534
1401,0.743459718346589
1402,0.771123875226788
1403,0.6239424374286
1404,0.512795658053334
1405,0.207466854590271
1406,0.074898690970278
1407,0.0222110496581591
1408,0.619880630717414
1409,0.0594911124553865
1410,0.560254124936337
1411,0.0084681753449302
1412,0.467693414593103
1413,0.12172852864048
1414,0.0640127449937205
1415,0.973259082863378
1416,0.11782225439691
1417,0.153048890536479
1418,0.111006335814645
1419,0.0377232308848351
1420,0.292819462963382
1421,0.0235748665926186
1422,0.0916663850964958
1423,0.0753128997276247
1424,0.1107859741833
1425,0.575694650634657
1426,0.129374842283442
1427,0.439048659783485
1428,0.770893046863981
1429,0.055816186628527
1430,0.036784046971474
1431,0.0797800207052166
1432,0.890521557472487
1433,0.216280467611883
1434,0.768134976945604
1435,0.0280284888711762
1436,0.547943845347129
1437,0.808859602921455
1438,0.00899317534413779
1439,0.868692230178869
1440,0.172986135082269
1441,0.975688394280498
1442,0.952913262840209
1443,0.061733010064985
1444,0.137169444695615
1445,0.115444880637397
1446,0.0160719966852737
1447,0.0942472479677563
1448,0.0491422187342181
1449,0.0383781556842751
1450,0.963660981407877
1451,0.0138209463191037
1452,0.0439952575934771
1453,0.0191003809852425
1454,0.0466594857910997
1455,0.0145157048279722
1456,0.0288246784408118
1457,0.0277597744965775
1458,0.344804997110647
1459,0.169718806918369
1460,0.959595265548685
1461,0.445834708329197
1462,0.223722317701271
1463,0.551678840329882
1464,0.0148244577427293
1465,0.326964651211899
1466,0.0580561362128481
1467,0.833360540911069
1468,0.450334162834767
1469,0.0132747890168514
1470,0.107542809436579
1471,0.115068286312259
1472,0.0470908620089825
1473,0.214926867715651
1474,0.960677093545079
1475,0.0161487784969534
1476,0.0663537669849041
1477,0.0777821886205455
1478,0.460679679407375
1479,0.419358400407968
1480,0.155373963165541
1481,0.990982399777637
1482,0.0602980732588216
1483,0.611930608699544
1484,0.275395632166957
1485,0.043646370751615
1486,0.0225437488380938
1487,0.930116941758446
1488,0.93536266408953
1489,0.524358392311476
1490,0.427520756310398
1491,0.648091333526008
1492,0.985875673007543
1493,0.155099997412084
1494,0.0111977454766926
1495,0.0192670682683199
1496,0.762759835058471
1497,0.199316108652628
1498,0.88711641640544
1499,0.99167775542476
1500,0.996573048574302
1501,0.769819009175119
1502,0.947998498438169
1503,0.707247962916464
1504,0.0268889808977031
1505,0.0345032253794057
1506,0.108864552275365
1507,0.0582432479614147
1508,0.761893589345855
1509,0.975639405759211
1510,0.0321909993520058
1511,0.325311535584191
1512,0.469095527771618
1513,0.431869085485134
1514,0.185278361815655
1515,0.806305589484502
1516,0.155259835063871
1517,0.141847914641706
1518,0.0151406226823417
1519,0.00539715646683425
1520,0.123419281306333
1521,0.996553547589894
1522,0.531650658033872
1523,0.877583352066168
1524,0.885328411797806
1525,0.216239330972373
1526,0.637304181711343
1527,0.0990863840195815
1528,0.0386593178013549
1529,0.0464024076596821
1530,0.16631860976332
1531,0.112943058868679
1532,0.0132185201350657
1533,0.0447118479293474
1534,0.0987120390459528
1535,0.898221313362231
1536,0.083764423976649
1537,0.0113397579840548
1538,0.305859120996586
1539,0.994520986310427
1540,0.99212747633708
1541,0.953777145673931
1542,0.0421678209630995
1543,0.493308697804906
1544,0.958113968650939
1545,0.9641954961253
1546,0.749959503653751
1547,0.987672738071288
1548,0.0116761038337311
1549,0.013321926453337
1550,0.99736262536834
1551,0.240090742734029
1552,0.170385295821304
1553,0.955923713181063
1554,0.111520564617359
1555,0.372296300947757
1556,0.112738937059009
1557,0.911174939330978
1558,0.998013668291034
1559,0.666467012799236
1560,0.99314496536095
1561,0.0828417356800473
1562,0.469355205350314
1563,0.250089155253186
1564,0.917789537403362
1565,0.790987927432985
1566,0.0138464641650489
1567,0.053473704760211
1568,0.325329298791952
1569,0.880908086390514
1570,0.00653847138631957
1571,0.479845767831153
1572,0.486109358153309
1573,0.0673030214374706
1574,0.43784653258839
1575,0.0752374600154936
1576,0.938777540087201
1577,0.939491377633926
1578,0.993558972981641
1579,0.983006058741011
1580,0.915608271960013
1581,0.737711981318228
1582,0.312751132339389
1583,0.998168346132893
1584,0.897001664999284
1585,0.167178618158835
1586,0.141516389359049
1587,0.143602445392659
1588,0.579584780615545
1589,0.0419241010709677
1590,0.835607152655035
1591,0.924389030167631
1592,0.999567494538149
1593,0.88972865801814
1594,0.871457574545773
1595,0.24688358869944
1596,0.0502598341275688
1597,0.0170632997942444
1598,0.141762803092275
1599,0.900388841875646
1600,0.949179563953307
1601,0.268396456152732
1602,0.924525558836581
1603,0.720414672387755
1604,0.164229241700356
1605,0.875170408798506
1606,0.884346739739518
1607,0.927114690130249
1608,0.0417058338059595
1609,0.0680595142964956
1610,0.0322108252699612
1611,0.179298217917562
1612,0.987589430212744
1613,0.526951337073688
1614,0.0886153295070634
1615,0.555000478308914
1616,0.999179707141813
1617,0.0360752775773784
1618,0.131938553111739
1619,0.935607995024589
1620,0.983643911326747
1621,0.623618337839251
1622,0.962416394364903
1623,0.992337002128235
1624,0.990221453896859
1625,0.144232187924942
1626,0.358895421213153
1627,0.81198826301299
1628,0.99819020177569
1629,0.809633591409682
1630,0.995378958155608
1631,0.580680499196162
1632,0.0295323487071832
1633,0.00634498098924895
1634,0.841443245498334
1635,0.352001149397737
1636,0.155866011713208
1637,0.252164177445639
1638,0.352078800058657
1639,0.0647776630783717
1640,0.0905112112790498
1641,0.974074997163977
1642,0.989582536808712
1643,0.569740862347719
1644,0.159165704681013
1645,0.897263310886978
1646,0.84072221235451
1647,0.118126544375704
1648,0.597492611420386
1649,0.553228552900584
1650,0.970167082374967
1651,0.651984247301154
1652,0.851001851364508
1653,0.990647421640299
1654,0.953316720082224
1655,0.783681884775022
1656,0.47655315766429
1657,0.973459968986174
1658,0.0662594023280142
1659,0.938202565291959
1660,0.593515977057455
1661,0.112112970865831
1662,0.900814223682719
1663,0.877869897548597
1664,0.259063170112721
1665,0.979804964993799
1666,0.891559909332715
1667,0.873861763142054
1668,0.829282400851955
1669,0.555999750604791
1670,0.985214398093646
1671,0.978498602349693
1672,0.966598383486126
1673,0.00877648055028627
1674,0.970681876021257
1675,0.422110037645147
1676,0.269651086129712
1677,0.948091902692962
1678,0.594215280182557
1679,0.121631613427022
1680,0.152680908251659
1681,0.979453793942473
1682,0.61217803366509
1683,0.219298646046285
1684,0.765767993767784
1685,0.728016735248546
1686,0.210477270964951
1687,0.832433115952216
1688,0.032639531251408
1689,0.98898503350718
1690,0.317294489144426
1691,0.166101826197619
1692,0.0544895824989099
1693,0.93861022476899
1694,0.971555430235694
1695,0.926247411730316
1696,0.0956254455568214
1697,0.322984031308448
1698,0.0083620951513022
1699,0.829719991309014
1700,0.620619299428969
1701,0.66680575831412
1702,0.139199290939903
1703,0.222835587489279
1704,0.383475976602122
1705,0.0668431696159724
1706,0.070924731831952
1707,0.0497689438059633
1708,0.609384909807389
1709,0.940466733127206
1710,0.894261970643823
1711,0.90298621156288
1712,0.0299141321567728
1713,0.2870549148618
1714,0.0980666728870485
1715,0.977291319262706
1716,0.493087995048678
1717,0.0540778916934903
1718,0.806955515812042
1719,0.976312408289119
1720,0.109330298256732
1721,0.645210457367456
1722,0.578185975403184
1723,0.0448393897580143
1724,0.996588529260315
1725,0.0613194660111952
1726,0.990478441832411
1727,0.805235548225488
1728,0.406576118218898
1729,0.207711218652393
1730,0.386652980868799
1731,0.467417726555424
1732,0.0123414520206254
1733,0.98196467359633
1734,0.60105561973273
1735,0.338716356257847
1736,0.0157216751169235
1737,0.155775889698713
1738,0.138957029532529
1739,0.820760533163563
1740,0.990691452684376
1741,0.311963835584155
1742,0.987443986761976
1743,0.296792051973979
1744,0.119389407253394
1745,0.288997450346074
1746,0.829347971352768
1747,0.531485872883028
1748,0.99925809880924
1749,0.779392880003362
1750,0.293897513928332
1751,0.958091109757194
1752,0.724613131666871
1753,0.401218323977188
1754,0.244630443243051
1755,0.678062849381083
1756,0.978583677453011
1757,0.852833123425403
1758,0.668473589466078
1759,0.843535066232065
1760,0.828291891378035
1761,0.353675806979757
1762,0.290549908457322
1763,0.99597399116321
1764,0.975287008186331
1765,0.0177774390827057
1766,0.127461055299455
1767,0.22942523880551
1768,0.262929779887603
1769,0.787187855503057
1770,0.843919590780155
1771,0.688791145989245
1772,0.939651951107619
1773,0.0164414888578411
1774,0.566578839165756
1775,0.485010478960442
1776,0.833611462363102
1777,0.564486311265829
1778,0.0171859887664208
1779,0.869230222332914
1780,0.143135912588038
1781,0.255098325508775
1782,0.992559225111332
1783,0.753500094328141
1784,0.238390080958424
1785,0.405162714162285
1786,0.471201371627486
1787,0.161097651890041
1788,0.957077725725272
1789,0.442345078688009
1790,0.490350355504047
1791,0.138774366892134
1792,0.143265136765092
1793,0.990507719179401
1794,0.947657385975766
1795,0.0374585567068677
1796,0.911655237639544
1797,0.0463016875861589
1798,0.974578762440753
1799,0.0434017743840851
1800,0.442280644655781
1801,0.976233283305399
1802,0.0425070318240277
1803,0.210908469124164
1804,0.982334786500074
1805,0.843697391236602
1806,0.0288501839156515
1807,0.9861867171984
1808,0.010691607296723
1809,0.978610471262577
1810,0.191461170704845
1811,0.90850907957659
1812,0.134962843066032
1813,0.975252368189441
1814,0.0959102598550284
1815,0.5
1816,0.44497567392615
1817,0.0455205257880826
1818,0.182224827752865
1819,0.0380096372353964
1820,0.0665901520738912
1821,0.0156526972705685
1822,0.00893456525533335
1823,0.124388099652767
1824,0.753085215957047
1825,0.0637535232424455
1826,0.0118340704039318
1827,0.909568359140842
1828,0.986417034480507
1829,0.0502183416719197
1830,0.995038367670451
1831,0.986081317449695
1832,0.143473832923014
1833,0.138563726995503
1834,0.868768035240866
1835,0.999439673009634
1836,0.865201159243323
1837,0.940212187743702
1838,0.0212022300960852
1839,0.80347239062794
1840,0.0287303515022322
1841,0.0474436120948596
1842,0.941853346926114
1843,0.516007999892004
1844,0.944542762849289
1845,0.952054378353875
1846,0.00519601647668182
1847,0.157454513033363
1848,0.034666917246406
1849,0.114064995515391
1850,0.981419607266432
1851,0.0160799735669572
1852,0.0487290271406697
1853,0.0500331468641095
1854,0.116567927530504
1855,0.651909530336821
1856,0.477196166127259
1857,0.169188104848837
1858,0.157405376312337
1859,0.950763508387335
1860,0.617441082328203
1861,0.880820537904874
1862,0.990931442993544
1863,0.0527489065384556
1864,0.255708246125845
1865,0.011543103388394
1866,0.655416782843394
1867,0.642971928957567
1868,0.114675388220477
1869,0.389322049486887
1870,0.32989501908212
1871,0.333834477881235
1872,0.856415084518552
1873,0.412463562470155
1874,0.023308901161704
1875,0.16175234784115
1876,0.978624680092179
1877,0.906468888087733
1878,0.0546099265719756
1879,0.0599928818242448
1880,0.680511194172212
1881,0.993007787296399
1882,0.295029889785336
1883,0.247291321205314
1884,0.284861648190064
1885,0.717736389210939
1886,0.396719414864224
1887,0.921029525253077
1888,0.909163557497185
1889,0.0222654952611581
1890,0.0675893599937707
1891,0.241226346741768
1892,0.0166322334785786
1893,0.276382362009575
1894,0.202964218182925
1895,0.087342115609226
1896,0.0194896264174807
1897,0.183741221582221
1898,0.806616013573309
1899,0.0271624735107137
1900,0.574578136170504
1901,0.0336042514094759
1902,0.036735885513149
1903,0.0183904799721557
1904,0.991872759128706
1905,0.03442675570441
1906,0.392316453329174
1907,0.057714023384706
1908,0.84085166458166
1909,0.511643170843904
1910,0.0361832788897848
1911,0.258383015767746
1912,0.315221240002521
1913,0.0656199548441785
1914,0.662513947956217
1915,0.0230396587045883
1916,0.802967362851996
1917,0.754308771690284
1918,0.885902945944666
1919,0.264913445133669
1920,0.0634861692131163
1921,0.163206879382582
1922,0.159558120921654
1923,0.935115596357166
1924,0.0398214963123738
1925,0.450136140963027
1926,0.224494279099936
1927,0.587380030214333
1928,0.701317512469779
1929,0.0620364154661079
1930,0.103767127282716
1931,0.035416812731334
1932,0.0201528803113254
1933,0.124280943841888
1934,0.864202040051213
1935,0.928077463656538
1936,0.165988434372412
1937,0.591180626379483
1938,0.414399539849861
1939,0.971052473634481
1940,0.953462367106423
1941,0.0128823474344888
1942,0.0429149375102953
1943,0.352528437946753
1944,0.963797102749799
1945,0.569075756092792
1946,0.30046887972154
1947,0.96734309999552
1948,0.903116777690899
1949,0.0937495448919687
1950,0.0615669696046227
1951,0.904573862422293
1952,0.323737204430853
1953,0.0949629992933613
1954,0.0427816945505827
1955,0.0265904975588647
1956,0.326155980770057
1957,0.0696778170082054
1958,0.658292856807793
1959,0.256484504878205
1960,0.233636511493408
1961,0.992385346585063
1962,0.401982157270601
1963,0.989384971878049
1964,0.0216737009751214
1965,0.0385940434527871
1966,0.60027914371566
1967,0.127324268910342
1968,0.133414878346863
1969,0.0377813914073014
1970,0.905119964033513
1971,0.183385108460063
1972,0.086815875388435
1973,0.551994895302156
1974,0.870064664383677
1975,0.0279737405358394
1976,0.116858243473175
1977,0.0167043908453553
1978,0.780107195402529
1979,0.0243789302306533
1980,0.873523757871
1981,0.0457359311553757
1982,0.825904030955492
1983,0.781460479083146
1984,0.0303523048307429
1985,0.991006284223883
1986,0.0355361071517869
1987,0.086305222351673
1988,0.971778152497273
1989,0.0448637811123999
1990,0.195803513414081
1991,0.933378423616061
1992,0.45098788830261
1993,0.0101919791393161
1994,0.699379970451644
1995,0.893674628860529
1996,0.5358919035361
1997,0.385838679155613
1998,0.680490284353424
1999,0.0273523212012149
2000,0.0831673579246148
2001,0.0939431439819759
2002,0.210811005896063
2003,0.121661904162342
2004,0.169009576558338
2005,0.0477809600864243
2006,0.0893678445418735
2007,0.713615154144701
2008,0.672221973839078
2009,0.0370002976368962
2010,0.526393906526739
2011,0.108951658580301
2012,0.0620566564522936
2013,0.0249053543787458
2014,0.877566673708047
2015,0.318994148058678
2016,0.688215928092384
2017,0.117688709559128
2018,0.233927823271517
2019,0.243040505210862
2020,0.240929502536564
2021,0.244729070633479
2022,0.273733330191824
2023,0.786626183749572
2024,0.210969617633583
2025,0.87923754874569
2026,0.294508267283161
2027,0.0489996236098663
2028,0.0168048439078869
2029,0.374223854637802
2030,0.182350006300686
2031,0.275275068752399
2032,0.535503072574935
2033,0.121000590838405
2034,0.310408392501385
2035,0.0297946195196981
2036,0.568338769744865
2037,0.0479286738906381
2038,0.509579731012055
2039,0.0362686898263605
2040,0.489329029809886
2041,0.903152895032545
2042,0.147341830458934
2043,0.635759022826962
2044,0.108190977459904
2045,0.244228044837503
2046,0.216357710475751
2047,0.977960191050104
2048,0.0789836075532965
2049,0.976187705104087
2050,0.0494059233202716
2051,0.159837311889297
2052,0.956095629339428
2053,0.742058503195416
2054,0.472360982029631
2055,0.608490967927365
2056,0.263576159641409
2057,0.670260848188521
2058,0.00957746920886827
2059,0.841037471236043
2060,0.455023765983555
2061,0.0281104509112274
2062,0.0789190215227884
2063,0.0688363606286064
2064,0.956797918592428
2065,0.102273413046198
2066,0.0404095987411042
2067,0.5
2068,0.136545906325962
2069,0.153257938336116
2070,0.562730755404999
2071,0.878819274524169
2072,0.176712078598307
2073,0.0846496389972399
2074,0.623579491061542
2075,0.0523138472377155
2076,0.257948073413666
2077,0.847995661540094
2078,0.131806535025607
2079,0.907753913334937
2080,0.394139045220448
2081,0.950280268756884
2082,0.0574675919483432
2083,0.979575938159701
2084,0.582273856179332
2085,0.270188976322214
2086,0.121147540269142
2087,0.291396303998496
2088,0.356415142556432
2089,0.233595560896177
2090,0.181727295661535
2091,0.729283345938969
2092,0.935613989412476
2093,0.443613985988353
2094,0.127714681221055
2095,0.95092339458339
2096,0.992532718674667
2097,0.0973327226031053
2098,0.198951617943755
2099,0.0453472064144164
2100,0.0625005124631046
2101,0.190287207924898
2102,0.981574065931874
2103,0.140517958369702
2104,0.5448558650651
2105,0.00676964700589205
2106,0.269294557178095
2107,0.0485708138987174
2108,0.732664783895172
2109,0.14343805520065
2110,0.875100984429627
2111,0.95742281811538
2112,0.221745275385795
2113,0.746997040058102
2114,0.0304531922535663
2115,0.0245769087196957
2116,0.148664760559824
2117,0.853131342816788
2118,0.557858102444695
2119,0.0114207756350578
2120,0.253088953825151
2121,0.0845683691745414
2122,0.953235737552951
2123,0.0287548551122926
2124,0.0736635219970895
2125,0.717411996879143
2126,0.93525062875827
2127,0.922905156681069
2128,0.330576581357082
2129,0.564474368574546
2130,0.799992198796081
2131,0.347292417037236
2132,0.656635362746912
2133,0.880191807082483
2134,0.0640179307332403
2135,0.0324107078235102
2136,0.923712091884061
2137,0.0692575714334706
2138,0.449851305721251
2139,0.45725056825517
2140,0.893462601902005
2141,0.928080971014545
2142,0.0981756341349556
2143,0.175871879781508
2144,0.0816034353672384
2145,0.355155652216352
2146,0.98960880919697
2147,0.140428093926425
2148,0.912234331696599
2149,0.0277227984433741
2150,0.939025183189556
2151,0.965402906809329
2152,0.324909422130208
2153,0.586468420976541
2154,0.103958686623546
2155,0.639242847836726
2156,0.997190208585784
2157,0.0482294019086469
2158,0.06172492640919
2159,0.0841393029573074
2160,0.392013493760256
2161,0.691660086700339
2162,0.896111774169312
2163,0.0355030642411039
2164,0.0964369554369578
2165,0.173499733929036
2166,0.10610270061083
2167,0.856055143774881
2168,0.202476811928403
2169,0.29418289452729
2170,0.228944016003483
2171,0.0311064080041449
2172,0.226717172811189
2173,0.0237193261693924
2174,0.0646461801581349
2175,0.0904610025731197
2176,0.987957115459248
2177,0.86012219837896
2178,0.774507586047681
2179,0.0992091045609999
2180,0.969674513859262
2181,0.313333412420181
2182,0.748284386852969
2183,0.550770911067008
2184,0.0768369889515192
2185,0.0277239097426399
2186,0.305538408927698
2187,0.0553846887616562
2188,0.148323879758893
2189,0.105242106362108
2190,0.423631006464738
2191,0.732800693669844
2192,0.266883853064769
2193,0.756893550963157
2194,0.0501078006017764
2195,0.124753504451589
2196,0.188900637482632
2197,0.136576597624075
2198,0.138983612095955
2199,0.0692640415603793
2200,0.196499828528678
2201,0.129577772316837
2202,0.0658022440505414
2203,0.972057419660312
2204,0.408255048494744
2205,0.0575651773186408
2206,0.980734404489676
2207,0.217325348735101
2208,0.439314305464869
2209,0.082563519253509
2210,0.603754865536197
2211,0.921652481389677
2212,0.277222483109232
2213,0.0312524060532494
2214,0.765701946891226
2215,0.333010397321287
2216,0.957863440747969
2217,0.936632561056043
2218,0.0428249110915565
2219,0.0507825774136905
2220,0.451562650310075
2221,0.629550859253684
2222,0.812268573734049
2223,0.0426068835372473
2224,0.14629478540071
2225,0.166758141460127
2226,0.0780373911341324
2227,0.0215583833398966
2228,0.038616823482561
2229,0.405027797109634
2230,0.0576244710501977
2231,0.0293647370930548
2232,0.0335546139535914
2233,0.313887886749162
2234,0.883007265821504
2235,0.255292419934265
2236,0.098108801964531
2237,0.225530548190923
2238,0.552557623534842
2239,0.239341767275574
2240,0.0810487140747019
2241,0.15926097392696
2242,0.0533932863459975
2243,0.928843644247095
2244,0.99498045867662
2245,0.112311585792374
2246,0.184919820366143
2247,0.894715735889389
2248,0.898250475636177
2249,0.0327714179258272
2250,0.0741665689431904
2251,0.608048139625454
2252,0.899656587284903
2253,0.231966500254272
2254,0.0781176873122156
2255,0.0239333297666905
2256,0.151129343024822
2257,0.0344894301780006
2258,0.965864573421835
2259,0.63734930336605
2260,0.926984282454962
2261,0.559516883659978
2262,0.0683115454798529
2263,0.794165895183484
2264,0.0113006784729813
2265,0.141995142912496
2266,0.104834973596457
2267,0.0422226674923696
2268,0.982732678695883
2269,0.0739098469545447
2270,0.681590389327935
2271,0.0319878040460803
2272,0.60369686819691
2273,0.125778523658442
2274,0.076594425847161
2275,0.93691104628185
2276,0.185529771940486
2277,0.542885326306902
2278,0.799920184263958
2279,0.993050897548979
2280,0.0461196805720526
2281,0.132740415378088
2282,0.652454908528645
2283,0.0700652200606591
2284,0.648298121232684
2285,0.0688197894349223
2286,0.827381121453119
2287,0.0455477572369049
2288,0.0574864719066437
2289,0.349040089921797
2290,0.992802894057378
2291,0.883674464736037
2292,0.446526693984759
2293,0.988170437051083
2294,0.441967348542765
2295,0.0202626688211406
2296,0.145512760574307
2297,0.0905617657361668
2298,0.202698383533053
2299,0.13247599547705
2300,0.17762358282723
2301,0.0415120105110846
2302,0.370478574799603
2303,0.363598709778677
2304,0.975831909034073
2305,0.0833108259580884
2306,0.222856704625886
2307,0.949767380820611
2308,0.227089360179519
2309,0.692634675584101
2310,0.0239376700651877
2311,0.0481565384931266
2312,0.895276833089778
2313,0.625295343109728
2314,0.872210446770562
2315,0.977132480985038
2316,0.454965690883341
2317,0.0970495153570411
2318,0.877674525096928
2319,0.0833791007723749
2320,0.184534901661993
2321,0.859560064449664
2322,0.339117919216066
2323,0.149684720126697
2324,0.962459186936335
2325,0.645125408156418
2326,0.374124029450931
2327,0.849875177576211
2328,0.0366687552578399
2329,0.745370971709977
2330,0.70591895732236
2331,0.82526757269882
2332,0.170334162295551
2333,0.92183402938885
2334,0.0427378080702574
2335,0.11339747347161
2336,0.834380383608236
2337,0.589103461602549
2338,0.188471313118099
2339,0.127834613768475
2340,0.162988688047345
2341,0.088135677801108
2342,0.0259010178385471
2343,0.692541980034094
2344,0.170275303046894
2345,0.944897129715317
2346,0.338319645177491
2347,0.712465528496604
2348,0.472001779980895
2349,0.978137634037357
2350,0.801122383500755
2351,0.0753419376358602
2352,0.964728570367406
2353,0.973236112752241
2354,0.304883506990313
2355,0.0208700537924424
2356,0.214451017197245
2357,0.153781439581405
2358,0.203316679404383
2359,0.885690609140543
2360,0.357693870711309
2361,0.967321978275726
2362,0.632241994976041
2363,0.0462148944673483
2364,0.338274137939085
2365,0.25344943486001
2366,0.0798364033296762
2367,0.139188438754623
2368,0.0407587271014694
2369,0.315018949137432
2370,0.335748967608459
2371,0.657690219543012
2372,0.049741114917947
2373,0.321664167637418
2374,0.428726820842425
2375,0.0343936231934225
2376,0.954679170834529
2377,0.54563685565814
2378,0.154991467015481
2379,0.110336862805799
2380,0.0810902401392072
2381,0.385445889208715
2382,0.167153636973048
2383,0.0755090098085686
2384,0.0451881692874252
2385,0.161330597318665
2386,0.856719574886094
2387,0.5316501086316
2388,0.237584336688329
2389,0.916713423446597
2390,0.0584526267812329
2391,0.61862980752754
2392,0.428302448136356
2393,0.0381949498269281
2394,0.0500417695635572
2395,0.328821975590873
2396,0.997441747096136
2397,0.0613546314539552
2398,0.0221610807461654
2399,0.0699975730869169
2400,0.154833984061224
2401,0.0589759379722205
2402,0.254409289716664
2403,0.168059470830673
2404,0.540097212274772
2405,0.321138773684691
2406,0.898468365520038
2407,0.0395575783950254
2408,0.0118220324017391
2409,0.199108281723261
2410,0.99417699029859
2411,0.868679216326234
2412,0.24667774815213
2413,0.0480157815992437
2414,0.808620947044797
2415,0.998705720225751
2416,0.171827414613194
2417,0.16021882715687
2418,0.020735539286072
2419,0.00660031981953185
2420,0.997310636677516
2421,0.60043188642175
2422,0.939006061686954
2423,0.329800629715139
2424,0.886840579215519
2425,0.477758002341909
2426,0.470404887930451
2427,0.879451547159301
2428,0.156985549316772
2429,0.0237194737675243
2430,0.0655294275688071
2431,0.206430633579274
2432,0.903202317616601
2433,0.858590102659219
2434,0.451773845404429
2435,0.992946129825573
2436,0.966357525359869
2437,0.754943181480006
2438,0.528428177861197
2439,0.227226277741711
2440,0.418873944706642
2441,0.838232177122559
2442,0.0935557510085388
2443,0.192664131569079
2444,0.601604743770751
2445,0.0626441702402251
2446,0.0301459364002878
2447,0.8228963869828
2448,0.025482502857524
2449,0.988434372803563
2450,0.821583383139951
2451,0.148143292065467
2452,0.0705329330182485
2453,0.490028666570494
2454,0.0182910061879949
2455,0.791324232180113
2456,0.0388096601403744
2457,0.0817522445455613
2458,0.685779999538581
2459,0.0274595882210656
2460,0.9905963156232
2461,0.0766443517330229
2462,0.99132061782932
2463,0.037416090557913
2464,0.951853850242431
2465,0.309318839730213
2466,0.316720460962567
2467,0.933681794803743
2468,0.917310799953731
2469,0.661857945188998
2470,0.293652618493984
2471,0.217867846581014
2472,0.304245413369469
2473,0.956549308853401
2474,0.994629099351324
2475,0.842653163564114
2476,0.139281412522343
2477,0.773398435962806
2478,0.946847125099748
2479,0.969507903809422
2480,0.44415224760693
2481,0.651978267442525
2482,0.0642904804028333
2483,0.52903138054398
2484,0.352321308404152
2485,0.877517568758987
2486,0.0300872847428536
2487,0.970983845848367
2488,0.0753275691340168
2489,0.551174192670015
2490,0.53538681594881
2491,0.0581301119832396
2492,0.975642823637068
2493,0.776513718399247
2494,0.963150109714566
2495,0.999317571571005
2496,0.255892334041149
2497,0.0359589579832963
2498,0.159226098902524
2499,0.0757829069227609
2500,0.131286314234133
2501,0.126138455644242
2502,0.236025083855254
2503,0.140123799884088
2504,0.0454221033607699
2505,0.132222504718558
2506,0.547120353603221
2507,0.237664965864694
2508,0.210540647874653
2509,0.996208953469601
2510,0.166416131829066
2511,0.0161988104742973
2512,0.382434735084175
2513,0.992338039851535
2514,0.999584113427564
2515,0.879524022234982
2516,0.800356231448837
2517,0.552010377602949
2518,0.957185067887763
2519,0.985468729675688
2520,0.0179082927315961
2521,0.747578132093128
2522,0.997001944331765
2523,0.658644801142352
2524,0.400683650355174
2525,0.274761013065203
2526,0.985656792682571
2527,0.472926846496993
2528,0.189954754170978
2529,0.554074384785527
2530,0.304529961924512
2531,0.714360416098586
2532,0.937970034663054
2533,0.0768275261208691
2534,0.909927802878417
2535,0.278490825431127
2536,0.95263670779234
2537,0.791362973787781
2538,0.896984346967943
2539,0.114322939801632
2540,0.923301363383721
2541,0.0886158552666428
2542,0.831736014675688
2543,0.0609503853156645
2544,0.880969866663167
2545,0.998175963814832
2546,0.0577252142944204
2547,0.854067672142273
2548,0.0787688345536864
2549,0.0730493441875307
2550,0.972317794583439
2551,0.771200812169084
2552,0.0438742967048015
2553,0.049168131803321
2554,0.0360957456803281
2555,0.93493799227201
2556,0.892786493005994
2557,0.598542514998355
2558,0.146362973842182
2559,0.0245344201401031
2560,0.829328816503251
2561,0.103125116736756
2562,0.653968481330225
2563,0.939007143336584
2564,0.505863925690026
2565,0.0123124799429122
2566,0.990917871669931
2567,0.956493037567391
2568,0.933075919896913
2569,0.0528233528921806
2570,0.915889390099225
2571,0.0727815047456473
2572,0.866804492490706
2573,0.96278144758058
2574,0.989051614472355
2575,0.994483071479996
2576,0.998227996500761
2577,0.0710173403571795
2578,0.104525301760594
2579,0.862235442498755
2580,0.978865416520411
2581,0.338037223520211
2582,0.953179216108952
2583,0.0711322202902494
2584,0.439454805864175
2585,0.97955017936531
2586,0.0264063507541838
2587,0.933383216695917
2588,0.0510741995738614
2589,0.142022271124716
2590,0.0197306790941506
2591,0.990512893578139
2592,0.151951288200457
2593,0.654146426490123
2594,0.173273708134111
2595,0.00658663865522295
2596,0.925417437795938
2597,0.0416302777483815
2598,0.943195635032603
2599,0.0154040715679496
2600,0.268614798927141
2601,0.9452068022238
2602,0.116360969039551
2603,0.0396367854703508
2604,0.641404650021766
2605,0.0953326834264528
2606,0.599623150242555
2607,0.961488525493906
2608,0.11720746834758
2609,0.896228243635182
2610,0.106566060890477
2611,0.998227355406975
2612,0.360822468135914
2613,0.358629080988624
2614,0.0224657184417627
2615,0.277425632327203
2616,0.281366763810751
2617,0.152358482801411
2618,0.00542998496945071
2619,0.109954284007204
2620,0.939548427569921
2621,0.032467366230045
2622,0.00786516395396694
2623,0.109895385533586
2624,0.995687497810613
2625,0.0726460263321182
2626,0.0217426577336244
2627,0.998228815219243
2628,0.242924334703052
2629,0.125037373160299
2630,0.0235951814786418
2631,0.0578019851978508
2632,0.865242642924514
2633,0.981625367457414
2634,0.837274196393404
2635,0.110397426094398
2636,0.397031622004809
2637,0.947869924869391
2638,0.143077149631359
2639,0.294381951244021
2640,0.846046393754241
2641,0.991779653205302
2642,0.0531548785817546
2643,0.897496472505092
2644,0.435149331587041
2645,0.0725844217955611
2646,0.0270527914980111
2647,0.0159071033567283
2648,0.822899595557709
2649,0.973726886326826
2650,0.890584009657532
2651,0.128143890649516
2652,0.0198964474839964
2653,0.123432027280835
2654,0.357026052815762
2655,0.273683754717147
2656,0.0642856554485899
2657,0.928437723670427
2658,0.854819618916015
2659,0.895573193295537
2660,0.921669583235499
2661,0.840758243861313
2662,0.470874105399641
2663,0.108395003353159
2664,0.966641748330912
2665,0.799080497733838
2666,0.717139737631548
2667,0.212662234704929
2668,0.902465806037326
2669,0.313716054036533
2670,0.605671201883301
2671,0.700331311078179
2672,0.670981987962555
2673,0.909754124997317
2674,0.932130148947896
2675,0.0618082445382554
2676,0.0874503503592573
2677,0.867657857322572
2678,0.0731892432954841
2679,0.0056928894759215
2680,0.956455622479032
2681,0.899265122603085
2682,0.701525233649125
2683,0.0733674397610994
2684,0.794580484295729
2685,0.0953358694511876
2686,0.0428580902908929
2687,0.971231258675386
2688,0.977330840453722
2689,0.435058914807059
2690,0.421935951646609
2691,0.0288311475307648
2692,0.671594098399607
2693,0.934263577237947
2694,0.861303101715302
2695,0.807198302454525
2696,0.995187522540928
2697,0.0232825285462622
2698,0.0496833987176371
2699,0.111730708546944
2700,0.29489779634662
2701,0.644243836874975
2702,0.0159703732277874
2703,0.0789989039960195
2704,0.0220279543787764
2705,0.43526791854517
2706,0.162400816117096
2707,0.0539797018749203
2708,0.0614978499348959
2709,0.0879508408073183
2710,0.0396625159003819
2711,0.0482472899494046
2712,0.940622097753552
2713,0.5
2714,0.969178742160142
2715,0.041388977228758
2716,0.334623558894476
2717,0.0487874340855358
2718,0.768687194556617
2719,0.66451763226013
2720,0.934363183348443
2721,0.0516018500628749
2722,0.758248330783986
2723,0.052435000214111
2724,0.620734404032228
2725,0.072057966634255
2726,0.107900256944933
2727,0.977478080394095
2728,0.0332482216918915
2729,0.998921700539733
2730,0.601643188905855
2731,0.79786249606356
2732,0.981182393740189
2733,0.949654036905756
2734,0.908738070902845
2735,0.517470277655877
2736,0.933615887733438
2737,0.583503896678593
2738,0.210679086729823
2739,0.0827470378713727
2740,0.0877066886192326
2741,0.745611178308657
2742,0.205799528850441
2743,0.48055497402288
2744,0.860345171818075
2745,0.825698054408634
2746,0.0446413006515578
2747,0.868638710182322
2748,0.508768761619133
2749,0.362960390119742
2750,0.82074307116902
2751,0.255591584550548
2752,0.701894202382568
2753,0.923424650031554
2754,0.272464078993542
2755,0.571897996956503
2756,0.9744554688368
2757,0.0382250284972607
2758,0.00552492481532476
2759,0.764396710834793
2760,0.984429108051418
2761,0.182410428623313
2762,0.0152827953693456
2763,0.664819333468999
2764,0.994593619195059
2765,0.996480832465792
2766,0.0728442528847852
2767,0.931853226596312
2768,0.47501902162206
2769,0.0997912941183027
2770,0.92692647129108
2771,0.996227431717001
2772,0.948901623494168
2773,0.0924503030359426
2774,0.0792983523274885
2775,0.0265632813182636
2776,0.0353843155293072
2777,0.00772025449728305
2778,0.0128631254084296
2779,0.0202910415906677
2780,0.394357054986995
2781,0.488330674248352
2782,0.528450958530469
2783,0.917324388444792
2784,0.3175469020709
2785,0.904410151820697
2786,0.746297679465455
2787,0.126602141773579
2788,0.0270282848150896
2789,0.0622944695882401
2790,0.492695490843626
2791,0.284657368721569
2792,0.279785907650826
2793,0.0788893974731578
2794,0.419394636384899
2795,0.219062329581778
2796,0.616314463052024
2797,0.342467564183032
2798,0.0243791822619163
2799,0.125037778523721
2800,0.243073341105329
2801,0.0128800232425347
2802,0.0768643428518101
2803,0.696242140606196
2804,0.300895367928516
2805,0.0760900730945632
2806,0.0178319513364851
2807,0.0650710137075106
2808,0.254924764723118
2809,0.5
2810,0.505324665366778
2811,0.0513739953508912
2812,0.119098308394481
2813,0.212938951222731
2814,0.0302774204686449
2815,0.215544262951501
2816,0.582381595683889
2817,0.0712862634244814
2818,0.244492795884523
2819,0.0257891165451131
2820,0.603464206599066
2821,0.396117026548844
2822,0.107883744212503
2823,0.929235538035485
2824,0.406675738002333
2825,0.11154275254651
2826,0.345240101478632
2827,0.129629625850695
2828,0.115352463414512
2829,0.776897579623368
2830,0.315018596757869
2831,0.100689609359981
2832,0.262737185291549
2833,0.0184261650562699
2834,0.121921651231706
2835,0.0298415625102055
2836,0.211142379047116
2837,0.260973306665895
2838,0.0497082079488622
2839,0.537075317666579
2840,0.0205835162788823
2841,0.0716376158670708
2842,0.0782130554669521
2843,0.199173448733239
2844,0.983942734285541
2845,0.153501164115766
2846,0.478968513754311
2847,0.0256346810311557
2848,0.291687251071595
2849,0.300581238914041
2850,0.156987287426064
2851,0.563767655280941
2852,0.539956835658562
2853,0.595210604880853
2854,0.0442601032017849
2855,0.351037690264681
2856,0.454478807632672
2857,0.0814580642485306
2858,0.0527204668891503
2859,0.0290354463274921
2860,0.938628193576033
2861,0.197482439102101
2862,0.357946386026817
2863,0.726835644931516
2864,0.469819641425224
2865,0.199514786905131
2866,0.0479066078748405
2867,0.15743963671909
2868,0.760748137811368
2869,0.297069073633807
2870,0.486384843600009
2871,0.0209311819882304
2872,0.0685189095207348
2873,0.343411877363942
2874,0.0903767399877105
2875,0.889472650762368
2876,0.953540826069351
2877,0.108572784828133
2878,0.0695676725561302
2879,0.744399888707691
2880,0.0454921071827598
2881,0.379390593425975
2882,0.62016650412586
2883,0.063104097952493
2884,0.043572180324771
2885,0.296224252093213
2886,0.906286303321044
2887,0.786446461370322
2888,0.549680939845736
2889,0.823372560534203
2890,0.138609025382774
2891,0.199375233493579
2892,0.00593229667417246
2893,0.137747444437003
2894,0.926357160284977
2895,0.978234206348186
2896,0.658897808392383
2897,0.0913502481338374
2898,0.108931788472669
2899,0.918759291470365
2900,0.0594702149657448
2901,0.902173930244593
2902,0.0677411484403964
2903,0.184970287666201
2904,0.0537876563043415
2905,0.322276099375008
2906,0.190273108158504
2907,0.0861332311434613
2908,0.864145774256831
2909,0.451857421700931
2910,0.870549548317686
2911,0.205305140151095
2912,0.0496958328800372
2913,0.0994731978639839
2914,0.122921552332498
2915,0.383646845411093
2916,0.513221370276103
2917,0.854883363911736
2918,0.0181590221943128
2919,0.0417194182027989
2920,0.37714146230772
2921,0.555320927848756
2922,0.270236187625181
2923,0.326616490464303
2924,0.0518749611704863
2925,0.0184932417900058
2926,0.0261693788333392
2927,0.859703588797418
2928,0.929648719129826
2929,0.646061903358907
2930,0.0972366394320354
2931,0.247251012089077
2932,0.159061291992014
2933,0.267988512869817
2934,0.815323272994185
2935,0.691867462748526
2936,0.137883645673225
2937,0.157986880202976
2938,0.60052040453001
2939,0.659210684720326
2940,0.880797363607684
2941,0.120409605605294
2942,0.136490963303123
2943,0.591777266388059
2944,0.10005298036991
2945,0.127292419611938
2946,0.117409019689831
2947,0.117842404217124
2948,0.0148862931270217
2949,0.0367860103794364
2950,0.356095871218182
2951,0.89484576369285
2952,0.824592490972264
2953,0.123487597575232
2954,0.879837825115909
2955,0.0662449563141421
2956,0.535478250869617
2957,1.43770604512872e-05
2958,0.92074721693438
2959,0.787690428725749
2960,0.0184789237428145
2961,0.717973120136196
2962,0.117971412974786
2963,0.0146178183941613
2964,0.967492974689631
2965,0.992219922174229
2966,0.992480548478645
2967,0.583541982654908
2968,1.10047376814797e-06
2969,0.92136208169207
2970,0.0211136474481962
2971,0.40680444255109
2972,0.15878584081326
2973,0.795700677061247
2974,0.37743724445034
2975,0.651658702569252
2976,0.464169786359387
2977,0.0408057871999446
2978,0.0849234411329784
2979,0.120170185747627
2980,0.197494459666424
2981,0.0285750499799193
2982,0.488813274588467
2983,0.83216399468634
2984,0.913799568662584
2985,0.0388911712980997
2986,0.0072774251391441
2987,0.0803363312636831
2988,0.456465447042049
2989,0.693320424738208
2990,0.222189607731641
2991,0.983512360406374
2992,0.0424510201279435
2993,0.00898783052882539
2994,0.0743568094634913
2995,0.162131218479762
2996,0.0740601672131373
2997,0.0265983711448863
2998,0.781774894062308
2999,0.146851568200897
3000,0.0230597892187389
3001,0.576345159005715
3002,0.0405171493452285
3003,0.450056314800421
3004,0.568686620832374
3005,0.995931136332661
3006,0.130322040066016
3007,0.231495272713041
3008,0.661910693279782
3009,0.304461078771859
3010,0.657592991960861
3011,0.0722608462286932
3012,0.802264552974234
3013,0.0692368630100419
3014,0.0680771687598777
3015,0.780314148827129
3016,0.268694962731191
3017,0.146095822410646
3018,0.024918210406409
3019,0.68692011423343
3020,0.0250211320215405
3021,0.923213892332758
3022,0.843292821231712
3023,0.582876479556617
3024,0.0295325661569409
3025,0.908066099349155
3026,0.905933825696114
3027,0.0865825878992656
3028,0.0573981006289623
3029,0.574557588509597
3030,0.152243541507884
3031,0.801252069166568
3032,0.114351430835101
3033,0.0768265855699184
3034,0.128503507062897
3035,0.0527081985127958
3036,0.54671590245112
3037,0.256861335711088
3038,0.512503996050363
3039,0.962389396724537
3040,0.142145456003241
3041,0.987083365924029
3042,0.113203870985376
3043,0.0208904091758454
3044,0.167755570702272
3045,0.802034799829149
3046,0.0609686180147413
3047,0.963074622214473
3048,0.819425654073132
3049,0.0143631221245138
3050,0.11398882633265
3051,0.313699910457925
3052,0.549428426575121
3053,0.0549935998029348
3054,0.923486658440857
3055,0.223245833468636
3056,0.322814227610426
3057,0.864144958050124
3058,0.145498195943362
3059,0.146850743200281
3060,0.239114846174335
3061,0.416813213859289
3062,0.0200145172769197
3063,0.0126479344453922
3064,0.129932471332995
3065,0.0619644034828937
3066,0.0229228719125766
3067,0.0731007990779207
3068,0.0149828053309832
3069,0.775455180393476
3070,0.0218316638612246
3071,0.015141610300187
3072,0.271806070120616
3073,0.410978136397639
3074,0.10884591620812
3075,0.12255758643016
3076,0.00840063066741624
3077,0.0611709441612942
3078,0.939554767784865
3079,0.545875209218841
3080,0.0393320966564005
3081,0.0899038815094921
3082,0.0852367372723786
3083,0.527937254562593
3084,0.435372860906569
3085,0.84116861674748
3086,0.0517255644953086
3087,0.177774378947359
3088,0.0791421749006653
3089,0.989650582597594
3090,0.433693250258804
3091,0.460133594106646
3092,0.858616416561455
3093,0.96239603629916
3094,0.379428475567631
3095,0.0608195446564526
3096,0.0206508662343842
3097,0.0101735891532693
3098,0.0391413281074597
3099,0.515795970774019
3100,0.162001491209979
3101,0.392668009346295
3102,0.863321221357225
3103,0.0340929503895612
3104,0.354098830719019
3105,0.041870107111056
3106,0.0680236197016874
3107,0.191200155644736
3108,1.54571613436851e-05
3109,0.219098481176643
3110,0.988021165615286
3111,0.933380112883994
3112,0.0102066357579993
3113,0.0215201323148584
3114,0.0828334079639234
3115,0.03223208137226
3116,0.101370799354756
3117,0.55893607196912
3118,0.273662676748574
3119,0.23614101534123
3120,0.00457769212239797
3121,0.0538115179250852
3122,0.803658373741381
3123,0.213863236873447
3124,0.90970343335314
3125,0.0357207813574303
3126,0.272013262963492
3127,0.0333146628080172
3128,0.274485562266769
3129,0.0882760057649055
3130,0.0166793510318255
3131,0.242417253080088
3132,0.084646362009716
3133,0.22833045148171
3134,0.0764423079581662
3135,0.742587306456189
3136,0.0361360610744684
3137,0.78244147062412
3138,0.00731140403161068
3139,0.0456828009454786
3140,0.865884387945709
3141,0.224373909899536
3142,0.847624964088773
3143,0.0435756162796316
3144,0.931523129035582
3145,0.237351550041403
3146,0.860874200182153
3147,0.998116890223292
3148,0.0342282802058165
3149,0.83629649205181
3150,0.015384077380608
3151,0.127770922767687
3152,0.050623389868124
3153,0.38851987339526
3154,0.0296251865977743
3155,0.104201265956242
3156,0.208321685854822
3157,0.379913755166705
3158,0.0108041813009052
3159,0.0361912629054943
3160,0.599392902325251
3161,0.117040349621451
3162,0.0164584212610216
3163,0.300955922767702
3164,0.0347960637355744
3165,0.0399278411831693
3166,0.598691452462427
3167,0.988246572524186
3168,0.0492532364024498
3169,0.0215440899546912
3170,0.527171786880524
3171,0.89200011974049
3172,0.0982282101922612
3173,0.647190673637781
3174,0.157208732990143
3175,0.599502301862771
3176,0.470103131631524
3177,0.0373185491551462
3178,0.286231004606889
3179,0.0930096784766806
3180,0.0961078081779225
3181,0.353753385234019
3182,0.0131130479500144
3183,0.677212752109464
3184,0.4451059972478
3185,0.273760783112615
3186,0.0314941279625084
3187,0.0613595848886615
3188,0.120901622657653
3189,0.189790458538362
3190,0.16227573329631
3191,0.0397160213171338
3192,0.0349290511865343
3193,0.533130713702632
3194,0.910670103158933
3195,0.0324769582058088
3196,0.27323662848478
3197,0.132870493910113
3198,0.853449270536017
3199,0.0963331117578192
3200,0.0440051688682693
